﻿<?xml version="1.0" encoding="utf-8" ?>
<examen code="coursXML" xmlns:xs="http://www.w3.org/2001/XMLSchema-instance" xs:noNamespaceSchemaLocation="Correction.xsd" >
  <titre>Outils et documents XML</titre>
  <date mois="sep" annee="2008"/>
  <questions>
    <question>
      <partie/>
    </question>
    <question>
      <partie/>
    </question>
    <question>
      <partie/>
    </question>
    <question>
      <partie/>
    </question>
    <question>
      <partie/>
    </question>
  </questions>
</examen>